customer_id,customer_name,gender,age,Age_Status,city,state,join_date
C0001,Aryan Kumar,Female,33,Valid,Delhi,Delhi,17-08-2025
C0002,Rohan Kumar,Male,55,Valid,Kolkata,West Bengal,09-03-2026
C0003,Aryan Kumar,Male,32,Valid,Pune,Maharashtra,02-06-2026
C0004,Rohan Kumar,Male,59,Valid,Kolkata,West Bengal,06-03-2026
C0005,Vivaan Sharma,Female,18,Valid,Indore,Madhya Pradesh,13-06-2025
C0006,Sneha Sharma,Female,27,Valid,Ahmedabad,Gujarat,09-08-2025
C0007,Karan Saini,Male,42,Valid,Chandigarh,Chandigarh,10-04-2025
C0008,Manish Yadav,Female,2,Invalid,Bhopal,Madhya Pradesh,16-04-2026
C0009,Harsh Joshi,Male,53,Valid,Noida,Uttar Pradesh,28-10-2025
C0010,Neha Malhotra,Male,22,Valid,Lucknow,Uttar Pradesh,16-02-2025
C0011,Riya Kumar,Male,32,Valid,Hyderabad,Telangana,14-04-2025
C0012,Ritika Shah,Female,28,Valid,Shimla,Himachal Pradesh,15-01-2026
C0013,Sahil Thakur,Male,56,Valid,Bengaluru,Karnataka,25-06-2025
C0014,Simran Chauhan,Female,42,Valid,Ludhiana,Punjab,04-10-2025
C0015,Neha Kapoor,Female,21,Valid,Jaipur,Rajasthan,23-08-2025
C0016,Riya Thakur,Female,35,Valid,Ahmedabad,Gujarat,09-03-2025
C0017,Komal Sandhu,Male,59,Valid,Ahmedabad,Gujarat,27-05-2026
C0018,Ritika Verma,Female,26,Valid,Mohali,Punjab,10-09-2025
C0019,Aman Kaur,Female,55,Valid,Kolkata,West Bengal,15-03-2026
C0020,Simran Saini,Female,32,Valid,Noida,Uttar Pradesh,22-05-2025
C0021,Deepak Sandhu,Male,25,Valid,Pune,Maharashtra,06-06-2025
C0022,Tanvi Kaur,Male,42,Valid,Gurugram,Haryana,26-01-2026
C0023,Kavya Rana,Female,53,Valid,Dehradun,Uttarakhand,12-01-2025
C0024,Aryan Gupta,Female,59,Valid,Kolkata,West Bengal,15-12-2025
C0025,Sneha Saini,Male,47,Valid,Gurugram,Haryana,04-01-2025
C0026,Sahil Kumar,Male,5,Invalid,Dehradun,Uttarakhand,19-04-2025
C0027,Arjun Patel,Male,27,Valid,Dehradun,Uttarakhand,18-01-2026
C0028,Deepak Chauhan,Male,56,Valid,Kolkata,West Bengal,28-11-2025
C0029,Sakshi Patel,Female,37,Valid,Chandigarh,Chandigarh,03-09-2025
C0030,Harsh Gupta,Male,23,Valid,Indore,Madhya Pradesh,13-05-2026
C0031,Ishita Sharma,Male,26,Valid,Kolkata,West Bengal,02-05-2026
C0032,Vivaan Thakur,Female,31,Valid,Bengaluru,Karnataka,25-07-2025
C0033,Ritika Singh,Female,46,Valid,Noida,Uttar Pradesh,14-06-2026
C0034,Riya Gupta,Male,22,Valid,Jaipur,Rajasthan,13-12-2025
C0035,Manish Patel,Male,55,Valid,Kolkata,West Bengal,14-08-2025
C0036,Pooja Kumar,Male,22,Valid,Mumbai,Maharashtra,02-02-2025
C0037,Aarav Kaur,Male,35,Valid,Pune,Maharashtra,13-05-2026
C0038,Aarav Singh,Female,33,Valid,Mohali,Punjab,30-04-2026
C0039,Sakshi Joshi,Male,24,Valid,Amritsar,Punjab,18-03-2026
C0040,Aman Sandhu,Female,21,Valid,Gurugram,Haryana,11-04-2025
C0041,Vikas Yadav,Male,,Missing,Ahmedabad,Gujarat,16-07-2025
C0042,Neha Yadav,Unknown,45,Valid,Shimla,Himachal Pradesh,07-07-2025
C0043,Vivaan Bansal,Male,46,Valid,Jaipur,Rajasthan,11-04-2025
C0044,Aman Sandhu,Unknown,33,Valid,Delhi,Delhi,20-06-2025
C0045,Mohit Saini,Male,43,Valid,Una,Himachal Pradesh,02-03-2025
C0046,Vivaan Sandhu,Female,34,Valid,Delhi,Delhi,11-04-2026
C0047,Ananya Rana,Female,27,Valid,Kolkata,West Bengal,14-07-2025
C0048,Rahul Bansal,Male,,Missing,Mumbai,Maharashtra,28-02-2025
C0049,Nikhil Yadav,Male,21,Valid,Una,Himachal Pradesh,05-06-2026
C0050,Nikhil Kapoor,Male,33,Valid,Pune,Maharashtra,18-02-2026
C0051,Vivaan Kaur,Male,57,Valid,Jaipur,Rajasthan,25-03-2025
C0052,Aditya Gupta,Female,34,Valid,Indore,Madhya Pradesh,29-07-2025
C0053,Arjun Kaur,Female,43,Valid,Jaipur,Rajasthan,15-05-2025
C0054,Ananya Kaur,Female,22,Valid,Shimla,Himachal Pradesh,10-01-2025
C0055,Sahil Joshi,Male,22,Valid,Indore,Madhya Pradesh,07-08-2025
C0056,Sahil Patel,Female,22,Valid,Mohali,Punjab,08-09-2025
C0057,Pooja Shah,Female,52,Valid,Ludhiana,Punjab,06-11-2025
C0058,Kavya Chauhan,Female,6,Invalid,Delhi,Delhi,17-04-2025
C0059,Neha Patel,Male,24,Valid,Bengaluru,Karnataka,09-06-2025
C0060,Sneha Gill,Male,39,Valid,Bhopal,Madhya Pradesh,28-07-2025
C0061,Tanvi Mehta,Female,34,Valid,Dehradun,Uttarakhand,22-02-2025
C0062,Mohit Patel,Male,18,Valid,Bengaluru,Karnataka,08-12-2025
C0063,Sahil Chauhan,Male,46,Valid,Bengaluru,Karnataka,14-03-2026
C0064,Aditya Yadav,Male,27,Valid,Chandigarh,Chandigarh,06-02-2025
C0065,Harsh Mehta,Unknown,45,Valid,Indore,Madhya Pradesh,11-05-2025
C0066,Riya Sharma,Male,4,Invalid,Lucknow,Uttar Pradesh,04-08-2025
C0067,Ritika Malhotra,Female,53,Valid,Chandigarh,Chandigarh,21-02-2026
C0068,Vivaan Patel,Male,29,Valid,Jaipur,Rajasthan,27-02-2026
C0069,Sahil Thakur,Female,6,Invalid,Ahmedabad,Gujarat,12-09-2025
C0070,Sneha Mehta,Female,2,Invalid,Chandigarh,Chandigarh,27-04-2026
C0071,Aarav Gupta,Female,37,Valid,Shimla,Himachal Pradesh,22-08-2025
C0072,Mohit Gupta,Female,39,Valid,Amritsar,Punjab,13-10-2025
C0073,Karan Kapoor,Female,59,Valid,Bengaluru,Karnataka,06-06-2026
C0074,Karan Sharma,Male,25,Valid,Ahmedabad,Gujarat,25-09-2025
C0075,Sakshi Singh,Male,24,Valid,Bengaluru,Karnataka,21-03-2026
C0076,Simran Sandhu,Male,42,Valid,Gurugram,Haryana,14-07-2025
C0077,Rahul Kaur,Male,51,Valid,Gurugram,Haryana,21-07-2025
C0078,Neha Joshi,Female,57,Valid,Pune,Maharashtra,18-11-2025
C0079,Mohit Verma,Female,6,Invalid,Hyderabad,Telangana,23-02-2026
C0080,Neha Yadav,Male,3,Invalid,Hyderabad,Telangana,07-03-2026
C0081,Sahil Kumar,Female,43,Valid,Ludhiana,Punjab,01-01-2025
C0082,Priya Bansal,Female,55,Valid,Amritsar,Punjab,26-11-2025
C0083,Sahil Bansal,Male,5,Invalid,Shimla,Himachal Pradesh,30-04-2026
C0084,Nikhil Patel,Female,5,Invalid,Pune,Maharashtra,10-12-2025
C0085,Pooja Saini,Male,3,Invalid,Hyderabad,Telangana,31-05-2025
C0086,Vikas Gupta,Female,57,Valid,Jaipur,Rajasthan,16-03-2025
C0087,Aditya Thakur,Male,42,Valid,Indore,Madhya Pradesh,22-05-2026
C0088,Aarav Verma,Male,24,Valid,Mohali,Punjab,12-03-2026
C0089,Pooja Yadav,Female,21,Valid,Dehradun,Uttarakhand,13-09-2025
C0090,Simran Thakur,Male,47,Valid,Shimla,Himachal Pradesh,21-11-2025
C0091,Karan Gupta,Female,53,Valid,Bhopal,Madhya Pradesh,02-04-2026
C0092,Komal Kumar,Female,34,Valid,Una,Himachal Pradesh,11-09-2025
C0093,Harsh Saini,Female,58,Valid,Dehradun,Uttarakhand,02-09-2025
C0094,Tanvi Gupta,Female,33,Valid,Pune,Maharashtra,06-10-2025
C0095,Ritika Chauhan,Male,26,Valid,Kolkata,West Bengal,04-06-2025
C0096,Mohit Saini,Male,22,Valid,Mohali,Punjab,01-03-2026
C0097,Priya Joshi,Female,44,Valid,Kolkata,West Bengal,05-03-2025
C0098,Karan Bansal,Male,54,Valid,Noida,Uttar Pradesh,25-01-2026
C0099,Ananya Joshi,Female,42,Valid,Lucknow,Uttar Pradesh,06-03-2026
C0100,Aman Yadav,Male,49,Valid,Bhopal,Madhya Pradesh,13-08-2025
C0101,Ishita Sharma,Male,42,Valid,Una,Himachal Pradesh,11-12-2025
C0102,Riya Sandhu,Female,26,Valid,Ludhiana,Punjab,28-01-2025
C0103,Mohit Yadav,Male,23,Valid,Indore,Madhya Pradesh,15-03-2026
C0104,Sahil Bansal,Male,34,Valid,Ludhiana,Punjab,24-01-2026
C0105,Komal Bansal,Female,39,Valid,Shimla,Himachal Pradesh,24-01-2026
C0106,Rohan Saini,Male,48,Valid,Bengaluru,Karnataka,20-01-2025
C0107,Priya Kapoor,Female,32,Valid,Mumbai,Maharashtra,12-03-2025
C0108,Mohit Yadav,Male,3,Invalid,Delhi,Delhi,21-01-2025
C0109,Deepak Sandhu,Male,48,Valid,Jaipur,Rajasthan,28-04-2025
C0110,Harsh Verma,Female,41,Valid,Shimla,Himachal Pradesh,21-06-2025
C0111,Sneha Mehta,Male,37,Valid,Chandigarh,Chandigarh,21-04-2025
C0112,Meera Kapoor,Female,43,Valid,Hyderabad,Telangana,23-07-2025
C0113,Sneha Shah,Male,37,Valid,Jaipur,Rajasthan,04-05-2025
C0114,Meera Sharma,Female,52,Valid,Mumbai,Maharashtra,15-03-2026
C0115,Aditya Kaur,Female,18,Valid,Pune,Maharashtra,07-03-2026
C0116,Vikas Kaur,Female,41,Valid,Chandigarh,Chandigarh,16-04-2026
C0117,Sahil Malhotra,Male,51,Valid,Gurugram,Haryana,04-10-2025
C0118,Ritika Rana,Female,45,Valid,Una,Himachal Pradesh,02-10-2025
C0119,Manish Mehta,Female,46,Valid,Pune,Maharashtra,07-09-2025
C0120,Sneha Sandhu,Female,39,Valid,Indore,Madhya Pradesh,30-01-2025
C0121,Priya Thakur,Female,31,Valid,Ludhiana,Punjab,30-12-2025
C0122,Harsh Saini,Female,56,Valid,Ahmedabad,Gujarat,10-10-2025
C0123,Ishita Joshi,Male,23,Valid,Dehradun,Uttarakhand,05-09-2025
C0124,Vikas Chauhan,Male,48,Valid,Una,Himachal Pradesh,18-05-2026
C0125,Riya Sharma,Female,32,Valid,Pune,Maharashtra,19-02-2026
C0126,Deepak Yadav,Female,48,Valid,Hyderabad,Telangana,19-12-2025
C0127,Pooja Sharma,Female,47,Valid,Ahmedabad,Gujarat,05-10-2025
C0128,Manish Thakur,Male,3,Invalid,Jaipur,Rajasthan,20-11-2025
C0129,Ananya Sandhu,Male,31,Valid,Ludhiana,Punjab,11-05-2026
C0130,Nikhil Chauhan,Female,24,Valid,Dehradun,Uttarakhand,18-07-2025
C0131,Arjun Sandhu,Male,37,Valid,Lucknow,Uttar Pradesh,15-01-2025
C0132,Mohit Kaur,Female,2,Invalid,Mohali,Punjab,25-02-2025
C0133,Nikhil Thakur,Female,24,Valid,Mohali,Punjab,13-01-2025
C0134,Manish Sandhu,Female,46,Valid,Una,Himachal Pradesh,15-12-2025
C0135,Riya Patel,Female,25,Valid,Bengaluru,Karnataka,08-03-2025
C0136,Meera Patel,Male,27,Valid,Pune,Maharashtra,02-06-2025
C0137,Rahul Verma,Male,33,Valid,Hyderabad,Telangana,02-05-2025
C0138,Simran Rana,Male,51,Valid,Bhopal,Madhya Pradesh,25-01-2026
C0139,Vikas Kaur,Female,37,Valid,Hyderabad,Telangana,03-03-2025
C0140,Riya Yadav,Male,34,Valid,Amritsar,Punjab,25-03-2025
C0141,Pooja Saini,Male,28,Valid,Ludhiana,Punjab,03-01-2025
C0142,Sneha Kumar,Female,36,Valid,Bhopal,Madhya Pradesh,03-02-2025
C0143,Rahul Thakur,Female,22,Valid,Hyderabad,Telangana,28-08-2025
C0144,Ananya Saini,Male,45,Valid,Indore,Madhya Pradesh,28-04-2025
C0145,Karan Patel,Female,27,Valid,Mohali,Punjab,15-03-2025
C0146,Komal Chauhan,Female,46,Valid,Hyderabad,Telangana,08-05-2025
C0147,Riya Thakur,Female,5,Invalid,Noida,Uttar Pradesh,21-05-2026
C0148,Vivaan Gupta,Male,45,Valid,Bhopal,Madhya Pradesh,27-11-2025
C0149,Pooja Patel,Male,32,Valid,Delhi,Delhi,22-01-2025
C0150,Pooja Singh,Male,29,Valid,Indore,Madhya Pradesh,27-04-2026
C0151,Sneha Chauhan,Male,55,Valid,Bengaluru,Karnataka,23-03-2026
C0152,Harsh Chauhan,Female,4,Invalid,Pune,Maharashtra,23-02-2026
C0153,Kavya Saini,Male,39,Valid,Chandigarh,Chandigarh,26-02-2026
C0154,Aryan Rana,Female,53,Valid,Hyderabad,Telangana,07-02-2025
C0155,Priya Joshi,Female,38,Valid,Ahmedabad,Gujarat,29-04-2025
C0156,Manish Rana,Male,6,Invalid,Dehradun,Uttarakhand,19-04-2026
C0157,Pooja Singh,Female,57,Valid,Amritsar,Punjab,26-05-2026
C0158,Harsh Bansal,Male,35,Valid,Mumbai,Maharashtra,15-05-2025
C0159,Ananya Verma,Female,25,Valid,Shimla,Himachal Pradesh,30-01-2025
C0160,Aryan Saini,Male,37,Valid,Jaipur,Rajasthan,15-01-2025
C0161,Komal Patel,Male,25,Valid,Pune,Maharashtra,18-04-2026
C0162,Aryan Shah,Female,5,Invalid,Una,Himachal Pradesh,07-10-2025
C0163,Riya Yadav,Male,47,Valid,Una,Himachal Pradesh,29-05-2025
C0164,Arjun Mehta,Male,22,Valid,Bhopal,Madhya Pradesh,10-10-2025
C0165,Ananya Rana,Female,18,Valid,Ahmedabad,Gujarat,17-10-2025
C0166,Simran Kapoor,Female,27,Valid,Indore,Madhya Pradesh,03-04-2026
C0167,Harsh Yadav,Female,53,Valid,Lucknow,Uttar Pradesh,22-01-2026
C0168,Deepak Patel,Male,54,Valid,Amritsar,Punjab,28-01-2026
C0169,Riya Rana,Female,48,Valid,Mumbai,Maharashtra,26-01-2026
C0170,Pooja Joshi,Male,26,Valid,Una,Himachal Pradesh,30-05-2026
C0171,Karan Yadav,Female,24,Valid,Chandigarh,Chandigarh,23-06-2026
C0172,Simran Mehta,Male,44,Valid,Delhi,Delhi,08-06-2025
C0173,Meera Joshi,Female,57,Valid,Bengaluru,Karnataka,12-02-2026
C0174,Komal Saini,Female,38,Valid,Ahmedabad,Gujarat,15-05-2026
C0175,Aditya Rana,Male,33,Valid,Mumbai,Maharashtra,22-10-2025
C0176,Aryan Singh,Male,58,Valid,Gurugram,Haryana,13-04-2025
C0177,Sakshi Sandhu,Male,2,Invalid,Hyderabad,Telangana,29-11-2025
C0178,Karan Singh,Female,41,Valid,Hyderabad,Telangana,18-03-2026
C0179,Pooja Gupta,Female,54,Valid,Dehradun,Uttarakhand,04-07-2025
C0180,Vikas Verma,Female,57,Valid,Pune,Maharashtra,04-09-2025
C0181,Rohan Thakur,Male,47,Valid,Mohali,Punjab,18-09-2025
C0182,Rahul Gupta,Female,36,Valid,Delhi,Delhi,11-06-2025
C0183,Ishita Kaur,Female,58,Valid,Lucknow,Uttar Pradesh,11-03-2026
C0184,Pooja Chauhan,Female,3,Invalid,Shimla,Himachal Pradesh,29-01-2026
C0185,Aditya Saini,Male,42,Valid,Chandigarh,Chandigarh,03-01-2026
C0186,Manish Chauhan,Male,6,Invalid,Hyderabad,Telangana,10-02-2026
C0187,Sakshi Rana,Male,56,Valid,Indore,Madhya Pradesh,24-05-2026
C0188,Meera Patel,Female,32,Valid,Jaipur,Rajasthan,14-07-2025
C0189,Mohit Sharma,Male,58,Valid,Mohali,Punjab,10-02-2025
C0190,Ritika Patel,Female,26,Valid,Mumbai,Maharashtra,03-04-2025
C0191,Sneha Chauhan,Female,29,Valid,Ahmedabad,Gujarat,25-07-2025
C0192,Nikhil Saini,Female,28,Valid,Lucknow,Uttar Pradesh,21-09-2025
C0193,Komal Patel,Female,25,Valid,Hyderabad,Telangana,25-04-2026
C0194,Rohan Sandhu,Female,53,Valid,Jaipur,Rajasthan,10-01-2026
C0195,Komal Rana,Female,52,Valid,Delhi,Delhi,07-05-2025
C0196,Aditya Mehta,Female,58,Valid,Bengaluru,Karnataka,16-01-2026
C0197,Aditya Bansal,Male,57,Valid,Una,Himachal Pradesh,02-12-2025
C0198,Pooja Malhotra,Male,58,Valid,Jaipur,Rajasthan,21-04-2026
C0199,Arjun Thakur,Male,26,Valid,Gurugram,Haryana,16-02-2025
C0200,Komal Shah,Male,24,Valid,Una,Himachal Pradesh,29-08-2025
C0201,Komal Patel,Female,47,Valid,Mohali,Punjab,15-01-2026
C0202,Vivaan Patel,Male,44,Valid,Gurugram,Haryana,12-04-2025
C0203,Tanvi Sandhu,Female,35,Valid,Bhopal,Madhya Pradesh,03-02-2025
C0204,Sahil Sandhu,Female,46,Valid,Amritsar,Punjab,30-08-2025
C0205,Ritika Rana,Female,52,Valid,Chandigarh,Chandigarh,03-01-2026
C0206,Manish Malhotra,Male,25,Valid,Bengaluru,Karnataka,11-04-2026
C0207,Sakshi Malhotra,Male,21,Valid,Bhopal,Madhya Pradesh,08-12-2025
C0208,Vivaan Bansal,Male,22,Valid,Indore,Madhya Pradesh,01-08-2025
C0209,Aditya Kapoor,Female,27,Valid,Jaipur,Rajasthan,03-01-2025
C0210,Karan Mehta,Female,29,Valid,Mohali,Punjab,23-04-2025
C0211,Meera Kapoor,Male,4,Invalid,Mohali,Punjab,01-09-2025
C0212,Mohit Mehta,Male,,Missing,Delhi,Delhi,23-02-2025
C0213,Sahil Sharma,Male,22,Valid,Dehradun,Uttarakhand,03-05-2026
C0214,Meera Joshi,Male,46,Valid,Dehradun,Uttarakhand,31-05-2026
C0215,Rohan Yadav,Female,47,Valid,Mumbai,Maharashtra,01-02-2025
C0216,Pooja Malhotra,Female,24,Valid,Noida,Uttar Pradesh,18-05-2026
C0217,Karan Shah,Male,38,Valid,Pune,Maharashtra,01-06-2025
C0218,Vivaan Rana,Female,42,Valid,Bengaluru,Karnataka,29-10-2025
C0219,Manish Saini,Female,24,Valid,Bhopal,Madhya Pradesh,28-04-2025
C0220,Aditya Mehta,Female,46,Valid,Amritsar,Punjab,22-08-2025
C0221,Pooja Gill,Female,44,Valid,Shimla,Himachal Pradesh,08-04-2025
C0222,Sakshi Sandhu,Female,41,Valid,Ahmedabad,Gujarat,06-06-2025
C0223,Ananya Joshi,Male,23,Valid,Pune,Maharashtra,06-04-2025
C0224,Priya Yadav,Male,53,Valid,Lucknow,Uttar Pradesh,03-03-2025
C0225,Sahil Rana,Unknown,6,Invalid,Kolkata,West Bengal,06-05-2025
C0226,Ananya Kumar,Male,36,Valid,Gurugram,Haryana,16-11-2025
C0227,Meera Sandhu,Male,27,Valid,Indore,Madhya Pradesh,09-05-2026
C0228,Ananya Malhotra,Female,25,Valid,Lucknow,Uttar Pradesh,13-10-2025
C0229,Neha Kumar,Male,56,Valid,Gurugram,Haryana,01-10-2025
C0230,Karan Kumar,Female,39,Valid,Bengaluru,Karnataka,26-12-2025
C0231,Meera Thakur,Female,22,Valid,Mohali,Punjab,26-05-2025
C0232,Aarav Gupta,Male,42,Valid,Pune,Maharashtra,06-03-2026
C0233,Aarav Gupta,Female,37,Valid,Ludhiana,Punjab,29-11-2025
C0234,Deepak Sharma,Male,21,Valid,Bhopal,Madhya Pradesh,09-06-2025
C0235,Pooja Joshi,Male,35,Valid,Mumbai,Maharashtra,30-03-2026
C0236,Harsh Kaur,Female,44,Valid,Una,Himachal Pradesh,07-10-2025
C0237,Rahul Shah,Female,45,Valid,Chandigarh,Chandigarh,24-04-2025
C0238,Sahil Yadav,Unknown,2,Invalid,Una,Himachal Pradesh,14-08-2025
C0239,Aman Gill,Male,31,Valid,Mumbai,Maharashtra,05-11-2025
C0240,Nikhil Kaur,Unknown,38,Valid,Bengaluru,Karnataka,03-05-2025
C0241,Simran Shah,Male,26,Valid,Gurugram,Haryana,25-01-2026
C0242,Aman Mehta,Female,22,Valid,Dehradun,Uttarakhand,11-02-2026
C0243,Aarav Rana,Male,47,Valid,Gurugram,Haryana,21-03-2025
C0244,Riya Thakur,Female,54,Valid,Indore,Madhya Pradesh,19-02-2026
C0245,Sakshi Verma,Male,43,Valid,Hyderabad,Telangana,22-01-2025
C0246,Sakshi Joshi,Female,41,Valid,Bhopal,Madhya Pradesh,01-04-2025
C0247,Manish Yadav,Female,55,Valid,Jaipur,Rajasthan,15-02-2026
C0248,Priya Gupta,Female,39,Valid,Noida,Uttar Pradesh,15-08-2025
C0249,Ananya Kumar,Male,51,Valid,Pune,Maharashtra,07-06-2026
C0250,Kavya Singh,Male,33,Valid,Lucknow,Uttar Pradesh,16-04-2025
C0251,Priya Gupta,Male,56,Valid,Amritsar,Punjab,06-06-2025
C0252,Aman Malhotra,Female,47,Valid,Ludhiana,Punjab,05-04-2026
C0253,Rohan Chauhan,Female,58,Valid,Bhopal,Madhya Pradesh,20-11-2025
C0254,Harsh Singh,Female,46,Valid,Pune,Maharashtra,07-11-2025
C0255,Sahil Kaur,Male,4,Invalid,Indore,Madhya Pradesh,04-06-2026
C0256,Rohan Saini,Female,2,Invalid,Shimla,Himachal Pradesh,28-02-2025
C0257,Vikas Chauhan,Male,57,Valid,Pune,Maharashtra,04-06-2026
C0258,Aditya Patel,Male,46,Valid,Indore,Madhya Pradesh,12-07-2025
C0259,Neha Patel,Male,21,Valid,Una,Himachal Pradesh,07-04-2026
C0260,Simran Saini,Male,2,Invalid,Pune,Maharashtra,11-09-2025
C0261,Priya Shah,Male,41,Valid,Shimla,Himachal Pradesh,17-01-2026
C0262,Arjun Joshi,Female,39,Valid,Noida,Uttar Pradesh,23-02-2025
C0263,Manish Saini,Female,24,Valid,Pune,Maharashtra,31-01-2026
C0264,Komal Patel,Male,39,Valid,Bhopal,Madhya Pradesh,25-03-2025
C0265,Vikas Joshi,Female,59,Valid,Lucknow,Uttar Pradesh,06-02-2026
C0266,Nikhil Chauhan,Female,53,Valid,Pune,Maharashtra,21-01-2026
C0267,Meera Mehta,Male,59,Valid,Mohali,Punjab,10-03-2026
C0268,Rohan Shah,Female,37,Valid,Delhi,Delhi,04-07-2025
C0269,Aryan Joshi,Male,32,Valid,Una,Himachal Pradesh,21-05-2025
C0270,Kavya Malhotra,Male,5,Invalid,Hyderabad,Telangana,24-06-2026
C0271,Aman Joshi,Unknown,56,Valid,Bhopal,Madhya Pradesh,21-01-2026
C0272,Rohan Singh,Male,46,Valid,Ludhiana,Punjab,14-02-2025
C0273,Vivaan Joshi,Female,57,Valid,Jaipur,Rajasthan,19-10-2025
C0274,Rohan Gupta,Male,37,Valid,Jaipur,Rajasthan,26-04-2026
C0275,Ananya Malhotra,Female,47,Valid,Lucknow,Uttar Pradesh,16-10-2025
C0276,Harsh Saini,Female,28,Valid,Dehradun,Uttarakhand,24-07-2025
C0277,Tanvi Kapoor,Female,21,Valid,Mohali,Punjab,08-05-2026
C0278,Harsh Bansal,Male,51,Valid,Kolkata,West Bengal,08-05-2025
C0279,Vikas Shah,Female,46,Valid,Ludhiana,Punjab,10-06-2026
C0280,Sakshi Malhotra,Male,46,Valid,Pune,Maharashtra,24-12-2025
C0281,Nikhil Singh,Male,43,Valid,Gurugram,Haryana,30-05-2026
C0282,Rohan Yadav,Male,41,Valid,Noida,Uttar Pradesh,18-08-2025
C0283,Komal Sharma,Female,27,Valid,Chandigarh,Chandigarh,21-05-2025
C0284,Neha Thakur,Male,48,Valid,Una,Himachal Pradesh,05-04-2026
C0285,Aarav Joshi,Male,34,Valid,Pune,Maharashtra,09-08-2025
C0286,Vivaan Patel,Female,25,Valid,Kolkata,West Bengal,23-10-2025
C0287,Sneha Sharma,Male,33,Valid,Chandigarh,Chandigarh,06-03-2026
C0288,Ritika Mehta,Male,25,Valid,Shimla,Himachal Pradesh,27-05-2026
C0289,Karan Patel,Male,27,Valid,Delhi,Delhi,26-10-2025
C0290,Aryan Shah,Female,33,Valid,Bhopal,Madhya Pradesh,03-03-2026
C0291,Sneha Sandhu,Female,22,Valid,Dehradun,Uttarakhand,23-06-2026
C0292,Ananya Sharma,Male,42,Valid,Dehradun,Uttarakhand,27-04-2026
C0293,Rahul Singh,Female,19,Valid,Lucknow,Uttar Pradesh,01-01-2026
C0294,Riya Gill,Male,6,Invalid,Lucknow,Uttar Pradesh,17-04-2025
C0295,Vivaan Bansal,Male,2,Invalid,Ahmedabad,Gujarat,27-12-2025
C0296,Vikas Singh,Female,48,Valid,Ludhiana,Punjab,06-07-2025
C0297,Harsh Kaur,Female,2,Invalid,Pune,Maharashtra,28-10-2025
C0298,Riya Joshi,Male,38,Valid,Amritsar,Punjab,14-11-2025
C0299,Vikas Mehta,Female,34,Valid,Kolkata,West Bengal,07-02-2025
C0300,Aman Verma,Female,21,Valid,Hyderabad,Telangana,06-12-2025
C0301,Kavya Bansal,Female,43,Valid,Lucknow,Uttar Pradesh,27-03-2026
C0302,Harsh Kapoor,Male,49,Valid,Ahmedabad,Gujarat,25-05-2026
C0303,Mohit Kumar,Male,45,Valid,Bengaluru,Karnataka,22-03-2025
C0304,Tanvi Bansal,Female,38,Valid,Ludhiana,Punjab,16-04-2025
C0305,Neha Gill,Female,46,Valid,Hyderabad,Telangana,13-03-2026
C0306,Ananya Shah,Female,2,Invalid,Lucknow,Uttar Pradesh,28-12-2025
C0307,Aditya Joshi,Male,22,Valid,Bengaluru,Karnataka,20-02-2026
C0308,Rahul Saini,Male,27,Valid,Ludhiana,Punjab,25-03-2026
C0309,Sneha Yadav,Male,59,Valid,Pune,Maharashtra,11-01-2026
C0310,Neha Gill,Male,56,Valid,Indore,Madhya Pradesh,07-06-2025
C0311,Vivaan Mehta,Female,46,Valid,Lucknow,Uttar Pradesh,20-03-2025
C0312,Neha Bansal,Female,43,Valid,Dehradun,Uttarakhand,18-11-2025
C0313,Sahil Saini,Male,19,Valid,Jaipur,Rajasthan,10-07-2025
C0314,Meera Mehta,Male,34,Valid,Noida,Uttar Pradesh,24-09-2025
C0315,Aryan Chauhan,Female,49,Valid,Amritsar,Punjab,24-07-2025
C0316,Ishita Gill,Female,29,Valid,Pune,Maharashtra,01-04-2026
C0317,Manish Saini,Male,53,Valid,Lucknow,Uttar Pradesh,25-10-2025
C0318,Arjun Mehta,Male,41,Valid,Ludhiana,Punjab,05-06-2026
C0319,Aditya Joshi,Male,33,Valid,Amritsar,Punjab,21-05-2026
C0320,Tanvi Patel,Female,47,Valid,Kolkata,West Bengal,13-05-2025
C0321,Karan Kumar,Female,43,Valid,Pune,Maharashtra,06-05-2026
C0322,Aarav Malhotra,Male,26,Valid,Gurugram,Haryana,21-11-2025
C0323,Sneha Singh,Female,51,Valid,Shimla,Himachal Pradesh,19-12-2025
C0324,Kavya Yadav,Male,26,Valid,Indore,Madhya Pradesh,20-03-2026
C0325,Aryan Singh,Male,37,Valid,Chandigarh,Chandigarh,18-06-2025
C0326,Rohan Sandhu,Female,51,Valid,Jaipur,Rajasthan,18-10-2025
C0327,Kavya Verma,Male,58,Valid,Bengaluru,Karnataka,09-10-2025
C0328,Rahul Joshi,Male,5,Invalid,Bhopal,Madhya Pradesh,22-06-2025
C0329,Sakshi Singh,Male,6,Invalid,Mohali,Punjab,12-12-2025
C0330,Rohan Patel,Male,23,Valid,Mumbai,Maharashtra,16-02-2025
C0331,Meera Kaur,Male,54,Valid,Bengaluru,Karnataka,03-03-2026
C0332,Ritika Kaur,Female,59,Valid,Una,Himachal Pradesh,06-11-2025
C0333,Aryan Kaur,Female,47,Valid,Noida,Uttar Pradesh,16-03-2025
C0334,Sneha Sharma,Female,44,Valid,Ludhiana,Punjab,11-05-2026
C0335,Ishita Thakur,Male,38,Valid,Ahmedabad,Gujarat,23-11-2025
C0336,Manish Verma,Male,41,Valid,Noida,Uttar Pradesh,12-06-2026
C0337,Pooja Kapoor,Male,47,Valid,Ahmedabad,Gujarat,06-05-2025
C0338,Deepak Malhotra,Male,24,Valid,Jaipur,Rajasthan,21-02-2025
C0339,Riya Kumar,Female,33,Valid,Bhopal,Madhya Pradesh,13-06-2025
C0340,Mohit Saini,Female,3,Invalid,Indore,Madhya Pradesh,13-06-2025
C0341,Nikhil Bansal,Female,37,Valid,Shimla,Himachal Pradesh,25-05-2026
C0342,Ritika Joshi,Female,33,Valid,Noida,Uttar Pradesh,09-08-2025
C0343,Ishita Gill,Male,36,Valid,Mumbai,Maharashtra,22-05-2026
C0344,Aarav Singh,Male,24,Valid,Hyderabad,Telangana,18-03-2026
C0345,Meera Malhotra,Female,41,Valid,Lucknow,Uttar Pradesh,16-02-2025
C0346,Sneha Rana,Male,41,Valid,Indore,Madhya Pradesh,23-10-2025
C0347,Rohan Chauhan,Female,53,Valid,Dehradun,Uttarakhand,14-10-2025
C0348,Simran Verma,Male,26,Valid,Bhopal,Madhya Pradesh,10-04-2025
C0349,Aditya Bansal,Female,27,Valid,Ahmedabad,Gujarat,23-07-2025
C0350,Ritika Shah,Male,2,Invalid,Noida,Uttar Pradesh,09-02-2025
C0351,Simran Malhotra,Female,27,Valid,Una,Himachal Pradesh,12-06-2026
C0352,Sneha Gill,Female,28,Valid,Bhopal,Madhya Pradesh,07-02-2026
C0353,Rohan Joshi,Female,5,Invalid,Indore,Madhya Pradesh,06-06-2026
C0354,Rohan Joshi,Female,16,Invalid,Indore,Madhya Pradesh,18-01-2025
C0355,Sneha Patel,Female,55,Valid,Chandigarh,Chandigarh,12-11-2025
C0356,Riya Rana,Female,34,Valid,Bhopal,Madhya Pradesh,22-08-2025
C0357,Neha Joshi,Female,28,Valid,Indore,Madhya Pradesh,21-06-2026
C0358,Vikas Sharma,Male,33,Valid,Noida,Uttar Pradesh,02-02-2025
C0359,Deepak Verma,Male,46,Valid,Amritsar,Punjab,18-11-2025
C0360,Aryan Shah,Male,44,Valid,Gurugram,Haryana,29-05-2026
C0361,Meera Kumar,Male,26,Valid,Una,Himachal Pradesh,16-06-2026
C0362,Ananya Mehta,Female,16,Invalid,Ahmedabad,Gujarat,21-01-2026
C0363,Harsh Shah,Female,52,Valid,Shimla,Himachal Pradesh,29-12-2025
C0364,Aman Sandhu,Female,3,Invalid,Bhopal,Madhya Pradesh,10-09-2025
C0365,Priya Gupta,Male,37,Valid,Hyderabad,Telangana,23-10-2025
C0366,Sahil Chauhan,Female,48,Valid,Una,Himachal Pradesh,24-12-2025
C0367,Mohit Sandhu,Male,54,Valid,Hyderabad,Telangana,24-01-2026
C0368,Manish Kapoor,Male,36,Valid,Lucknow,Uttar Pradesh,13-02-2025
C0369,Riya Chauhan,Female,59,Valid,Lucknow,Uttar Pradesh,20-09-2025
C0370,Tanvi Bansal,Male,,Missing,Amritsar,Punjab,05-10-2025
C0371,Nikhil Singh,Male,24,Valid,Bengaluru,Karnataka,03-09-2025
C0372,Deepak Rana,Male,58,Valid,Dehradun,Uttarakhand,27-08-2025
C0373,Komal Sandhu,Female,48,Valid,Gurugram,Haryana,13-04-2025
C0374,Karan Verma,Male,44,Valid,Delhi,Delhi,03-05-2026
C0375,Vivaan Kumar,Female,36,Valid,Hyderabad,Telangana,02-03-2025
C0376,Sahil Mehta,Male,52,Valid,Indore,Madhya Pradesh,08-02-2025
C0377,Ishita Kapoor,Male,2,Invalid,Gurugram,Haryana,11-02-2026
C0378,Komal Singh,Female,2,Invalid,Ludhiana,Punjab,10-01-2025
C0379,Komal Gupta,Unknown,39,Valid,Bhopal,Madhya Pradesh,19-10-2025
C0380,Vikas Rana,Female,26,Valid,Dehradun,Uttarakhand,01-06-2026
C0381,Nikhil Kaur,Male,39,Valid,Amritsar,Punjab,16-06-2025
C0382,Pooja Sandhu,Male,18,Valid,Bengaluru,Karnataka,12-12-2025
C0383,Pooja Chauhan,Male,29,Valid,Indore,Madhya Pradesh,20-02-2026
C0384,Deepak Saini,Female,23,Valid,Dehradun,Uttarakhand,15-02-2026
C0385,Vikas Patel,Male,48,Valid,Ludhiana,Punjab,28-11-2025
C0386,Ritika Yadav,Female,42,Valid,Delhi,Delhi,30-08-2025
C0387,Sahil Kumar,Female,55,Valid,Ahmedabad,Gujarat,12-01-2025
C0388,Komal Thakur,Male,6,Invalid,Jaipur,Rajasthan,02-05-2025
C0389,Pooja Chauhan,Female,5,Invalid,Ludhiana,Punjab,15-11-2025
C0390,Mohit Malhotra,Female,57,Valid,Hyderabad,Telangana,15-08-2025
C0391,Pooja Patel,Male,47,Valid,Una,Himachal Pradesh,18-01-2026
C0392,Manish Kumar,Male,33,Valid,Una,Himachal Pradesh,25-03-2025
C0393,Karan Mehta,Female,22,Valid,Dehradun,Uttarakhand,25-04-2025
C0394,Ananya Sandhu,Male,54,Valid,Dehradun,Uttarakhand,03-06-2025
C0395,Kavya Saini,Female,25,Valid,Dehradun,Uttarakhand,30-07-2025
C0396,Vivaan Sandhu,Male,5,Invalid,Una,Himachal Pradesh,02-04-2026
C0397,Rahul Joshi,Male,5,Invalid,Shimla,Himachal Pradesh,02-03-2026
C0398,Manish Kaur,Female,,Missing,Mumbai,Maharashtra,23-01-2025
C0399,Vikas Verma,Male,55,Valid,Delhi,Delhi,16-03-2025
C0400,Pooja Kaur,Male,52,Valid,Lucknow,Uttar Pradesh,03-03-2025
C0401,Simran Chauhan,Male,36,Valid,Una,Himachal Pradesh,23-02-2026
C0402,Vivaan Yadav,Female,42,Valid,Gurugram,Haryana,05-04-2026
C0403,Komal Singh,Male,6,Invalid,Noida,Uttar Pradesh,17-05-2025
C0404,Rahul Mehta,Male,52,Valid,Chandigarh,Chandigarh,07-02-2026
C0405,Sakshi Bansal,Male,19,Valid,Jaipur,Rajasthan,02-11-2025
C0406,Aryan Malhotra,Female,32,Valid,Gurugram,Haryana,11-09-2025
C0407,Kavya Mehta,Female,3,Invalid,Mohali,Punjab,26-04-2025
C0408,Pooja Sandhu,Male,33,Valid,Bhopal,Madhya Pradesh,31-07-2025
C0409,Pooja Malhotra,Male,46,Valid,Bhopal,Madhya Pradesh,19-02-2025
C0410,Vivaan Yadav,Female,32,Valid,Noida,Uttar Pradesh,11-08-2025
C0411,Aditya Kumar,Female,32,Valid,Mohali,Punjab,23-11-2025
C0412,Karan Verma,Male,37,Valid,Ahmedabad,Gujarat,27-05-2025
C0413,Harsh Verma,Female,37,Valid,Jaipur,Rajasthan,09-10-2025
C0414,Meera Shah,Male,58,Valid,Indore,Madhya Pradesh,14-03-2026
C0415,Sahil Gill,Female,59,Valid,Mumbai,Maharashtra,26-01-2026
C0416,Vivaan Sandhu,Female,16,Invalid,Ahmedabad,Gujarat,02-06-2025
C0417,Riya Rana,Female,33,Valid,Ludhiana,Punjab,19-08-2025
C0418,Vikas Gill,Male,53,Valid,Shimla,Himachal Pradesh,27-02-2026
C0419,Nikhil Bansal,Male,42,Valid,Dehradun,Uttarakhand,06-09-2025
C0420,Nikhil Mehta,Male,46,Valid,Ahmedabad,Gujarat,15-01-2026
C0421,Ananya Sandhu,Male,35,Valid,Amritsar,Punjab,22-01-2026
C0422,Mohit Kapoor,Male,22,Valid,Bhopal,Madhya Pradesh,12-07-2025
C0423,Aditya Sandhu,Male,48,Valid,Kolkata,West Bengal,02-08-2025
C0424,Sahil Shah,Male,31,Valid,Hyderabad,Telangana,14-07-2025
C0425,Vikas Kaur,Male,56,Valid,Una,Himachal Pradesh,29-07-2025
C0426,Sakshi Joshi,Female,36,Valid,Kolkata,West Bengal,25-01-2026
C0427,Deepak Kumar,Female,34,Valid,Lucknow,Uttar Pradesh,04-01-2026
C0428,Simran Thakur,Male,48,Valid,Shimla,Himachal Pradesh,24-11-2025
C0429,Pooja Sandhu,Female,44,Valid,Lucknow,Uttar Pradesh,16-02-2025
C0430,Kavya Rana,Male,34,Valid,Mohali,Punjab,04-03-2026
C0431,Komal Kapoor,Female,32,Valid,Amritsar,Punjab,24-01-2026
C0432,Meera Thakur,Female,34,Valid,Una,Himachal Pradesh,16-05-2026
C0433,Nikhil Mehta,Male,4,Invalid,Shimla,Himachal Pradesh,23-06-2025
C0434,Meera Thakur,Male,52,Valid,Una,Himachal Pradesh,02-03-2025
C0435,Deepak Rana,Male,18,Valid,Pune,Maharashtra,27-02-2026
C0436,Rohan Sandhu,Male,18,Valid,Pune,Maharashtra,12-08-2025
C0437,Kavya Verma,Male,57,Valid,Lucknow,Uttar Pradesh,10-05-2026
C0438,Rohan Thakur,Male,52,Valid,Delhi,Delhi,26-02-2026
C0439,Kavya Saini,Female,52,Valid,Dehradun,Uttarakhand,21-10-2025
C0440,Sahil Rana,Male,24,Valid,Gurugram,Haryana,09-04-2025
C0441,Aarav Sharma,Male,57,Valid,Jaipur,Rajasthan,24-06-2026
C0442,Aarav Gill,Female,23,Valid,Bengaluru,Karnataka,18-01-2026
C0443,Kavya Mehta,Male,32,Valid,Indore,Madhya Pradesh,04-11-2025
C0444,Mohit Malhotra,Male,43,Valid,Mumbai,Maharashtra,24-01-2026
C0445,Simran Saini,Male,58,Valid,Una,Himachal Pradesh,10-01-2025
C0446,Sahil Singh,Female,45,Valid,Pune,Maharashtra,06-12-2025
C0447,Simran Sandhu,Male,32,Valid,Dehradun,Uttarakhand,05-08-2025
C0448,Manish Gupta,Female,2,Invalid,Una,Himachal Pradesh,18-03-2025
C0449,Meera Kumar,Male,29,Valid,Kolkata,West Bengal,19-11-2025
C0450,Tanvi Kaur,Male,43,Valid,Indore,Madhya Pradesh,20-03-2025
C0451,Sahil Chauhan,Male,54,Valid,Indore,Madhya Pradesh,03-02-2026
C0452,Aarav Kapoor,Female,26,Valid,Ahmedabad,Gujarat,22-03-2025
C0453,Nikhil Gupta,Male,45,Valid,Mumbai,Maharashtra,26-08-2025
C0454,Sahil Sandhu,Female,38,Valid,Ahmedabad,Gujarat,31-01-2025
C0455,Kavya Malhotra,Female,32,Valid,Shimla,Himachal Pradesh,31-12-2025
C0456,Ritika Singh,Male,55,Valid,Gurugram,Haryana,25-01-2026
C0457,Aryan Chauhan,Male,22,Valid,Hyderabad,Telangana,26-03-2025
C0458,Riya Bansal,Male,42,Valid,Noida,Uttar Pradesh,21-11-2025
C0459,Aditya Shah,Male,37,Valid,Pune,Maharashtra,01-04-2026
C0460,Mohit Mehta,Male,23,Valid,Chandigarh,Chandigarh,11-07-2025
C0461,Neha Kumar,Female,24,Valid,Kolkata,West Bengal,27-01-2025
C0462,Neha Chauhan,Male,56,Valid,Kolkata,West Bengal,29-11-2025
C0463,Ananya Saini,Female,44,Valid,Delhi,Delhi,02-02-2026
C0464,Aditya Malhotra,Male,54,Valid,Kolkata,West Bengal,18-06-2026
C0465,Sakshi Bansal,Male,35,Valid,Ludhiana,Punjab,05-11-2025
C0466,Harsh Singh,Male,,Missing,Mohali,Punjab,22-03-2026
C0467,Rahul Bansal,Female,22,Valid,Hyderabad,Telangana,05-01-2026
C0468,Mohit Rana,Male,47,Valid,Una,Himachal Pradesh,20-04-2025
C0469,Mohit Yadav,Female,39,Valid,Delhi,Delhi,25-01-2026
C0470,Mohit Thakur,Female,45,Valid,Shimla,Himachal Pradesh,20-05-2025
C0471,Rohan Patel,Male,48,Valid,Bhopal,Madhya Pradesh,18-11-2025
C0472,Vikas Joshi,Female,58,Valid,Ahmedabad,Gujarat,18-05-2026
C0473,Nikhil Joshi,Female,35,Valid,Ahmedabad,Gujarat,07-02-2026
C0474,Rahul Bansal,Male,55,Valid,Indore,Madhya Pradesh,04-07-2025
C0475,Meera Thakur,Female,31,Valid,Delhi,Delhi,25-03-2026
C0476,Neha Kumar,Female,49,Valid,Pune,Maharashtra,23-05-2025
C0477,Sahil Sandhu,Female,6,Invalid,Jaipur,Rajasthan,07-06-2025
C0478,Vikas Patel,Male,46,Valid,Noida,Uttar Pradesh,06-05-2026
C0479,Aryan Patel,Female,52,Valid,Kolkata,West Bengal,07-02-2025
C0480,Manish Yadav,Male,24,Valid,Kolkata,West Bengal,12-09-2025
C0481,Meera Bansal,Male,,Missing,Ludhiana,Punjab,14-02-2026
C0482,Vikas Malhotra,Male,18,Valid,Gurugram,Haryana,11-04-2025
C0483,Sahil Malhotra,Male,46,Valid,Dehradun,Uttarakhand,19-01-2026
C0484,Harsh Joshi,Male,4,Invalid,Indore,Madhya Pradesh,26-01-2025
C0485,Mohit Thakur,Female,23,Valid,Hyderabad,Telangana,29-04-2025
C0486,Simran Saini,Female,39,Valid,Lucknow,Uttar Pradesh,12-04-2026
C0487,Ishita Kumar,Female,4,Invalid,Dehradun,Uttarakhand,03-05-2026
C0488,Ritika Mehta,Female,22,Valid,Shimla,Himachal Pradesh,04-11-2025
C0489,Vikas Kapoor,Female,59,Valid,Delhi,Delhi,22-04-2025
C0490,Arjun Saini,Male,53,Valid,Jaipur,Rajasthan,13-06-2025
C0491,Vivaan Kumar,Female,32,Valid,Gurugram,Haryana,19-02-2026
C0492,Sahil Gupta,Female,43,Valid,Ludhiana,Punjab,30-01-2025
C0493,Priya Sandhu,Female,55,Valid,Amritsar,Punjab,16-03-2026
C0494,Aryan Gupta,Male,35,Valid,Amritsar,Punjab,06-03-2025
C0495,Deepak Shah,Male,41,Valid,Kolkata,West Bengal,30-11-2025
C0496,Simran Sharma,Female,6,Invalid,Chandigarh,Chandigarh,17-05-2026
C0497,Meera Kumar,Female,57,Valid,Bhopal,Madhya Pradesh,06-02-2026
C0498,Aman Saini,Female,47,Valid,Lucknow,Uttar Pradesh,26-06-2025
C0499,Kavya Joshi,Male,16,Invalid,Bhopal,Madhya Pradesh,17-11-2025
C0500,Meera Kumar,Unknown,29,Valid,Hyderabad,Telangana,18-01-2026
C0501,Ritika Patel,Female,44,Valid,Dehradun,Uttarakhand,22-05-2025
C0502,Arjun Thakur,Male,49,Valid,Gurugram,Haryana,27-06-2025
C0503,Manish Mehta,Female,26,Valid,Una,Himachal Pradesh,11-07-2025
C0504,Meera Bansal,Male,4,Invalid,Bhopal,Madhya Pradesh,10-01-2025
C0505,Riya Gupta,Female,53,Valid,Amritsar,Punjab,02-06-2026
C0506,Priya Saini,Female,44,Valid,Gurugram,Haryana,31-03-2026
C0507,Ishita Mehta,Male,32,Valid,Pune,Maharashtra,27-10-2025
C0508,Aryan Rana,Female,28,Valid,Jaipur,Rajasthan,14-04-2026
C0509,Ishita Gupta,Male,54,Valid,Kolkata,West Bengal,27-04-2025
C0510,Vivaan Chauhan,Male,46,Valid,Lucknow,Uttar Pradesh,12-08-2025
C0511,Meera Rana,Female,2,Invalid,Jaipur,Rajasthan,06-04-2026
C0512,Mohit Sandhu,Female,25,Valid,Pune,Maharashtra,31-08-2025
C0513,Ananya Kumar,Female,28,Valid,Lucknow,Uttar Pradesh,23-05-2025
C0514,Mohit Malhotra,Male,54,Valid,Amritsar,Punjab,26-12-2025
C0515,Aman Kaur,Male,38,Valid,Bhopal,Madhya Pradesh,27-10-2025
C0516,Vikas Kapoor,Male,26,Valid,Bengaluru,Karnataka,26-02-2026
C0517,Riya Chauhan,Male,26,Valid,Bengaluru,Karnataka,13-09-2025
C0518,Nikhil Kaur,Female,49,Valid,Jaipur,Rajasthan,26-05-2025
C0519,Komal Verma,Female,46,Valid,Gurugram,Haryana,19-03-2025
C0520,Rohan Joshi,Female,41,Valid,Noida,Uttar Pradesh,11-04-2026
C0521,Meera Chauhan,Male,23,Valid,Indore,Madhya Pradesh,15-04-2026
C0522,Aryan Singh,Female,31,Valid,Pune,Maharashtra,16-03-2026
C0523,Ishita Joshi,Female,38,Valid,Una,Himachal Pradesh,18-10-2025
C0524,Aryan Malhotra,Male,54,Valid,Indore,Madhya Pradesh,12-05-2026
C0525,Ritika Kapoor,Male,24,Valid,Mumbai,Maharashtra,16-04-2026
C0526,Priya Sandhu,Female,47,Valid,Ludhiana,Punjab,01-01-2025
C0527,Vikas Joshi,Female,28,Valid,Mohali,Punjab,08-10-2025
C0528,Aarav Kumar,Male,41,Valid,Bengaluru,Karnataka,19-06-2025
C0529,Ananya Kapoor,Male,75,Valid,Hyderabad,Telangana,04-04-2025
C0530,Aditya Malhotra,Male,48,Valid,Delhi,Delhi,21-03-2025
C0531,Vivaan Bansal,Female,,Missing,Jaipur,Rajasthan,09-01-2025
C0532,Manish Kumar,Female,26,Valid,Chandigarh,Chandigarh,05-05-2026
C0533,Rohan Kaur,Male,24,Valid,Noida,Uttar Pradesh,16-04-2025
C0534,Manish Joshi,Male,42,Valid,Hyderabad,Telangana,17-05-2025
C0535,Aditya Thakur,Male,57,Valid,Pune,Maharashtra,18-06-2025
C0536,Priya Malhotra,Male,44,Valid,Amritsar,Punjab,30-03-2026
C0537,Aryan Mehta,Male,26,Valid,Pune,Maharashtra,07-05-2025
C0538,Pooja Malhotra,Female,38,Valid,Lucknow,Uttar Pradesh,24-05-2025
C0539,Sakshi Kapoor,Male,53,Valid,Pune,Maharashtra,19-10-2025
C0540,Meera Bansal,Male,51,Valid,Hyderabad,Telangana,06-06-2026
C0541,Karan Chauhan,Male,33,Valid,Hyderabad,Telangana,22-05-2026
C0542,Harsh Sharma,Female,58,Valid,Jaipur,Rajasthan,14-03-2025
C0543,Aman Bansal,Female,26,Valid,Lucknow,Uttar Pradesh,01-02-2026
C0544,Simran Kumar,Female,52,Valid,Gurugram,Haryana,26-06-2025
C0545,Kavya Sharma,Male,55,Valid,Pune,Maharashtra,11-03-2025
C0546,Sakshi Kaur,Male,21,Valid,Amritsar,Punjab,12-02-2026
C0547,Harsh Rana,Female,45,Valid,Dehradun,Uttarakhand,16-02-2026
C0548,Aarav Chauhan,Male,35,Valid,Kolkata,West Bengal,27-03-2025
C0549,Kavya Patel,Male,27,Valid,Dehradun,Uttarakhand,01-12-2025
C0550,Aditya Sandhu,Female,45,Valid,Pune,Maharashtra,02-09-2025
C0551,Nikhil Singh,Female,25,Valid,Pune,Maharashtra,10-04-2026
C0552,Simran Kaur,Female,6,Invalid,Mumbai,Maharashtra,29-06-2025
C0553,Vivaan Thakur,Male,28,Valid,Mohali,Punjab,24-05-2026
C0554,Sneha Shah,Female,28,Valid,Dehradun,Uttarakhand,16-01-2026
C0555,Arjun Sharma,Male,39,Valid,Chandigarh,Chandigarh,16-03-2026
C0556,Neha Gill,Female,54,Valid,Pune,Maharashtra,20-03-2025
C0557,Rohan Chauhan,Female,21,Valid,Dehradun,Uttarakhand,27-05-2026
C0558,Mohit Gill,Female,28,Valid,Ludhiana,Punjab,19-09-2025
C0559,Ishita Saini,Male,32,Valid,Indore,Madhya Pradesh,06-06-2026
C0560,Sakshi Kaur,Male,2,Invalid,Delhi,Delhi,29-04-2026
C0561,Harsh Kumar,Male,2,Invalid,Mohali,Punjab,06-03-2026
C0562,Aarav Verma,Female,38,Valid,Jaipur,Rajasthan,05-10-2025
C0563,Neha Bansal,Female,25,Valid,Indore,Madhya Pradesh,30-05-2026
C0564,Karan Joshi,Male,51,Valid,Ludhiana,Punjab,17-02-2025
C0565,Ritika Singh,Female,37,Valid,Shimla,Himachal Pradesh,02-12-2025
C0566,Sahil Verma,Male,41,Valid,Shimla,Himachal Pradesh,25-07-2025
C0567,Simran Singh,Male,47,Valid,Hyderabad,Telangana,13-01-2026
C0568,Aditya Sandhu,Male,27,Valid,Amritsar,Punjab,07-01-2025
C0569,Nikhil Kaur,Male,52,Valid,Delhi,Delhi,21-12-2025
C0570,Meera Rana,Male,6,Invalid,Ahmedabad,Gujarat,21-01-2026
C0571,Komal Yadav,Male,51,Valid,Chandigarh,Chandigarh,01-09-2025
C0572,Aryan Sharma,Male,35,Valid,Mumbai,Maharashtra,06-04-2025
C0573,Sakshi Patel,Female,41,Valid,Dehradun,Uttarakhand,15-04-2026
C0574,Ananya Rana,Male,5,Invalid,Indore,Madhya Pradesh,17-05-2025
C0575,Vivaan Thakur,Male,45,Valid,Pune,Maharashtra,14-05-2025
C0576,Deepak Singh,Female,43,Valid,Bengaluru,Karnataka,01-12-2025
C0577,Aryan Bansal,Male,22,Valid,Bengaluru,Karnataka,27-07-2025
C0578,Karan Patel,Male,24,Valid,Chandigarh,Chandigarh,18-06-2025
C0579,Priya Saini,Female,25,Valid,Ahmedabad,Gujarat,02-01-2026
C0580,Rohan Kaur,Female,47,Valid,Shimla,Himachal Pradesh,29-09-2025
C0581,Pooja Saini,Male,37,Valid,Pune,Maharashtra,11-02-2025
C0582,Harsh Kapoor,Male,33,Valid,Mohali,Punjab,31-12-2025
C0583,Sakshi Kumar,Female,34,Valid,Mumbai,Maharashtra,28-06-2025
C0584,Aman Joshi,Male,24,Valid,Shimla,Himachal Pradesh,19-04-2026
C0585,Simran Gill,Male,21,Valid,Chandigarh,Chandigarh,16-08-2025
C0586,Aarav Bansal,Female,58,Valid,Noida,Uttar Pradesh,28-03-2025
C0587,Arjun Mehta,Male,19,Valid,Bengaluru,Karnataka,08-03-2025
C0588,Rohan Kapoor,Male,39,Valid,Mohali,Punjab,06-05-2025
C0589,Meera Kaur,Male,54,Valid,Mumbai,Maharashtra,20-03-2026
C0590,Aman Saini,Male,42,Valid,Una,Himachal Pradesh,13-03-2026
C0591,Vivaan Saini,Male,35,Valid,Amritsar,Punjab,14-10-2025
C0592,Ritika Bansal,Male,59,Valid,Mumbai,Maharashtra,30-10-2025
C0593,Rahul Malhotra,Female,21,Valid,Kolkata,West Bengal,31-03-2025
C0594,Pooja Mehta,Female,3,Invalid,Mohali,Punjab,23-06-2026
C0595,Ishita Yadav,Female,4,Invalid,Delhi,Delhi,07-05-2026
C0596,Mohit Bansal,Female,42,Valid,Lucknow,Uttar Pradesh,04-10-2025
C0597,Karan Sandhu,Male,19,Valid,Ahmedabad,Gujarat,15-10-2025
C0598,Riya Rana,Female,55,Valid,Dehradun,Uttarakhand,27-08-2025
C0599,Rahul Sharma,Male,35,Valid,Jaipur,Rajasthan,27-02-2025
C0600,Vivaan Rana,Female,4,Invalid,Indore,Madhya Pradesh,27-06-2025
C0601,Rahul Kumar,Female,4,Invalid,Indore,Madhya Pradesh,29-01-2025
C0602,Harsh Thakur,Male,54,Valid,Indore,Madhya Pradesh,12-07-2025
C0603,Rahul Thakur,Female,29,Valid,Kolkata,West Bengal,18-05-2026
C0604,Manish Malhotra,Male,56,Valid,Mumbai,Maharashtra,13-08-2025
C0605,Ritika Rana,Male,39,Valid,Una,Himachal Pradesh,26-07-2025
C0606,Vivaan Singh,Male,38,Valid,Ahmedabad,Gujarat,02-03-2025
C0607,Aarav Gill,Male,25,Valid,Indore,Madhya Pradesh,23-06-2026
C0608,Vikas Mehta,Female,6,Invalid,Pune,Maharashtra,10-02-2026
C0609,Aarav Mehta,Female,38,Valid,Ahmedabad,Gujarat,20-05-2025
C0610,Sakshi Malhotra,Female,29,Valid,Una,Himachal Pradesh,01-01-2026
C0611,Meera Kumar,Female,37,Valid,Ludhiana,Punjab,29-10-2025
C0612,Rahul Yadav,Female,54,Valid,Delhi,Delhi,03-02-2025
C0613,Karan Kaur,Male,58,Valid,Ahmedabad,Gujarat,17-04-2025
C0614,Rohan Gupta,Female,22,Valid,Mohali,Punjab,01-09-2025
C0615,Rahul Shah,Male,6,Invalid,Ludhiana,Punjab,10-12-2025
C0616,Komal Rana,Male,33,Valid,Bengaluru,Karnataka,11-03-2025
C0617,Neha Joshi,Male,21,Valid,Chandigarh,Chandigarh,31-01-2026
C0618,Pooja Sharma,Female,49,Valid,Ludhiana,Punjab,23-01-2026
C0619,Neha Chauhan,Male,48,Valid,Noida,Uttar Pradesh,19-08-2025
C0620,Pooja Yadav,Male,36,Valid,Pune,Maharashtra,21-01-2025
C0621,Neha Sandhu,Male,39,Valid,Chandigarh,Chandigarh,24-06-2025
C0622,Rahul Saini,Male,53,Valid,Ludhiana,Punjab,06-04-2025
C0623,Priya Chauhan,Female,19,Valid,Bhopal,Madhya Pradesh,18-03-2026
C0624,Tanvi Bansal,Female,28,Valid,Bhopal,Madhya Pradesh,24-02-2025
C0625,Priya Shah,Male,44,Valid,Amritsar,Punjab,29-09-2025
C0626,Aryan Gupta,Male,24,Valid,Hyderabad,Telangana,20-02-2025
C0627,Arjun Joshi,Female,27,Valid,Kolkata,West Bengal,25-02-2025
C0628,Sahil Patel,Male,36,Valid,Gurugram,Haryana,07-05-2026
C0629,Simran Kaur,Male,28,Valid,Delhi,Delhi,26-10-2025
C0630,Neha Sharma,Female,43,Valid,Chandigarh,Chandigarh,28-04-2026
C0631,Aman Kumar,Female,29,Valid,Pune,Maharashtra,15-01-2026
C0632,Aditya Rana,Male,46,Valid,Lucknow,Uttar Pradesh,15-02-2025
C0633,Ishita Chauhan,Female,32,Valid,Shimla,Himachal Pradesh,03-10-2025
C0634,Tanvi Bansal,Male,23,Valid,Mohali,Punjab,19-12-2025
C0635,Mohit Saini,Male,53,Valid,Gurugram,Haryana,04-03-2025
C0636,Meera Verma,Female,52,Valid,Dehradun,Uttarakhand,02-05-2026
C0637,Vikas Sandhu,Female,23,Valid,Una,Himachal Pradesh,09-02-2026
C0638,Ritika Bansal,Male,25,Valid,Dehradun,Uttarakhand,05-04-2026
C0639,Meera Thakur,Male,26,Valid,Amritsar,Punjab,13-02-2025
C0640,Tanvi Verma,Male,58,Valid,Gurugram,Haryana,01-06-2025
C0641,Rahul Gupta,Female,22,Valid,Bengaluru,Karnataka,31-03-2025
C0642,Ananya Singh,Female,35,Valid,Noida,Uttar Pradesh,17-06-2026
C0643,Ritika Shah,Female,25,Valid,Bhopal,Madhya Pradesh,01-03-2026
C0644,Simran Sandhu,Male,24,Valid,Indore,Madhya Pradesh,14-04-2025
C0645,Pooja Sharma,Female,44,Valid,Kolkata,West Bengal,28-09-2025
C0646,Rohan Mehta,Female,2,Invalid,Indore,Madhya Pradesh,26-06-2025
C0647,Vikas Patel,Female,2,Invalid,Mohali,Punjab,10-02-2026
C0648,Simran Rana,Male,48,Valid,Jaipur,Rajasthan,03-10-2025
C0649,Mohit Bansal,Female,37,Valid,Delhi,Delhi,15-11-2025
C0650,Tanvi Joshi,Male,26,Valid,Chandigarh,Chandigarh,04-11-2025
C0651,Tanvi Malhotra,Female,44,Valid,Ahmedabad,Gujarat,02-04-2025
C0652,Mohit Rana,Female,49,Valid,Amritsar,Punjab,13-06-2026
C0653,Deepak Saini,Male,22,Valid,Mumbai,Maharashtra,15-11-2025
C0654,Aman Saini,Male,51,Valid,Noida,Uttar Pradesh,30-01-2025
C0655,Sakshi Malhotra,Male,33,Valid,Amritsar,Punjab,03-02-2025
C0656,Manish Gill,Male,35,Valid,Lucknow,Uttar Pradesh,13-01-2026
C0657,Rahul Kapoor,Female,58,Valid,Dehradun,Uttarakhand,07-05-2025
C0658,Pooja Verma,Female,49,Valid,Jaipur,Rajasthan,02-04-2026
C0659,Ritika Saini,Female,4,Invalid,Indore,Madhya Pradesh,17-06-2025
C0660,Sahil Sharma,Female,19,Valid,Pune,Maharashtra,31-01-2026
C0661,Rahul Rana,Male,32,Valid,Indore,Madhya Pradesh,19-08-2025
C0662,Ritika Chauhan,Female,5,Invalid,Bengaluru,Karnataka,21-01-2025
C0663,Vivaan Gupta,Male,59,Valid,Una,Himachal Pradesh,27-06-2025
C0664,Sahil Kapoor,Female,56,Valid,Jaipur,Rajasthan,09-11-2025
C0665,Sakshi Sharma,Female,,Missing,Gurugram,Haryana,16-04-2026
C0666,Sneha Sharma,Female,51,Valid,Shimla,Himachal Pradesh,11-02-2026
C0667,Manish Chauhan,Female,53,Valid,Delhi,Delhi,17-10-2025
C0668,Mohit Kapoor,Male,39,Valid,Una,Himachal Pradesh,11-10-2025
C0669,Meera Kumar,Female,59,Valid,Bengaluru,Karnataka,02-11-2025
C0670,Nikhil Kumar,Male,21,Valid,Dehradun,Uttarakhand,18-02-2026
C0671,Aryan Joshi,Male,59,Valid,Mohali,Punjab,25-05-2026
C0672,Aman Mehta,Female,42,Valid,Gurugram,Haryana,06-02-2025
C0673,Sahil Joshi,Female,32,Valid,Amritsar,Punjab,03-05-2026
C0674,Nikhil Chauhan,Female,28,Valid,Dehradun,Uttarakhand,05-07-2025
C0675,Meera Kaur,Male,34,Valid,Una,Himachal Pradesh,07-07-2025
C0676,Komal Malhotra,Male,4,Invalid,Pune,Maharashtra,17-08-2025
C0677,Nikhil Kumar,Female,41,Valid,Gurugram,Haryana,24-09-2025
C0678,Sahil Joshi,Male,48,Valid,Shimla,Himachal Pradesh,24-02-2025
C0679,Deepak Patel,Male,48,Valid,Indore,Madhya Pradesh,19-07-2025
C0680,Meera Patel,Female,44,Valid,Noida,Uttar Pradesh,25-02-2025
C0681,Sakshi Kaur,Male,39,Valid,Mohali,Punjab,24-02-2026
C0682,Kavya Kumar,Female,29,Valid,Mohali,Punjab,24-03-2025
C0683,Sakshi Mehta,Female,58,Valid,Ludhiana,Punjab,01-03-2025
C0684,Meera Saini,Male,28,Valid,Bengaluru,Karnataka,12-06-2025
C0685,Ishita Joshi,Female,,Missing,Mohali,Punjab,16-03-2026
C0686,Aarav Saini,Female,18,Valid,Una,Himachal Pradesh,08-02-2025
C0687,Ishita Singh,Male,38,Valid,Lucknow,Uttar Pradesh,15-07-2025
C0688,Simran Yadav,Male,4,Invalid,Jaipur,Rajasthan,16-11-2025
C0689,Riya Kapoor,Female,28,Valid,Noida,Uttar Pradesh,08-03-2025
C0690,Aarav Sharma,Female,47,Valid,Hyderabad,Telangana,17-06-2026
C0691,Rohan Kumar,Female,26,Valid,Ahmedabad,Gujarat,17-12-2025
C0692,Ritika Verma,Male,28,Valid,Lucknow,Uttar Pradesh,18-02-2026
C0693,Sneha Gill,Male,31,Valid,Jaipur,Rajasthan,23-01-2025
C0694,Tanvi Rana,Male,41,Valid,Ludhiana,Punjab,08-02-2025
C0695,Aarav Thakur,Male,56,Valid,Kolkata,West Bengal,19-02-2025
C0696,Meera Gill,Male,25,Valid,Delhi,Delhi,03-03-2026
C0697,Simran Chauhan,Female,48,Valid,Chandigarh,Chandigarh,06-06-2025
C0698,Sahil Kumar,Female,6,Invalid,Hyderabad,Telangana,14-04-2025
C0699,Pooja Bansal,Male,44,Valid,Bengaluru,Karnataka,18-04-2025
C0700,Aman Sharma,Female,25,Valid,Chandigarh,Chandigarh,19-04-2025
C0701,Sahil Gill,Male,34,Valid,Bhopal,Madhya Pradesh,20-06-2026
C0702,Kavya Shah,Female,28,Valid,Gurugram,Haryana,10-02-2025
C0703,Ishita Kapoor,Female,39,Valid,Amritsar,Punjab,29-08-2025
C0704,Aman Malhotra,Male,54,Valid,Pune,Maharashtra,21-05-2026
C0705,Riya Rana,Male,24,Valid,Dehradun,Uttarakhand,20-09-2025
C0706,Aarav Sharma,Female,34,Valid,Shimla,Himachal Pradesh,21-04-2026
C0707,Rohan Singh,Male,36,Valid,Ludhiana,Punjab,04-01-2026
C0708,Aryan Thakur,Male,24,Valid,Gurugram,Haryana,16-02-2025
C0709,Vivaan Kumar,Female,4,Invalid,Ludhiana,Punjab,25-03-2026
C0710,Vikas Joshi,Female,39,Valid,Pune,Maharashtra,07-07-2025
C0711,Aarav Mehta,Female,35,Valid,Noida,Uttar Pradesh,30-01-2026
C0712,Sneha Chauhan,Male,25,Valid,Gurugram,Haryana,16-05-2025
C0713,Arjun Bansal,Male,44,Valid,Ludhiana,Punjab,10-05-2026
C0714,Manish Rana,Male,57,Valid,Shimla,Himachal Pradesh,24-01-2026
C0715,Manish Verma,Male,26,Valid,Bhopal,Madhya Pradesh,10-05-2026
C0716,Vikas Kaur,Female,46,Valid,Chandigarh,Chandigarh,17-02-2025
C0717,Harsh Malhotra,Male,51,Valid,Ahmedabad,Gujarat,18-08-2025
C0718,Komal Rana,Male,45,Valid,Dehradun,Uttarakhand,12-09-2025
C0719,Aditya Chauhan,Male,53,Valid,Noida,Uttar Pradesh,25-02-2025
C0720,Sahil Joshi,Female,49,Valid,Dehradun,Uttarakhand,19-06-2025
C0721,Ishita Malhotra,Male,39,Valid,Ahmedabad,Gujarat,12-10-2025
C0722,Aarav Gupta,Female,43,Valid,Jaipur,Rajasthan,29-08-2025
C0723,Aditya Rana,Female,23,Valid,Shimla,Himachal Pradesh,26-05-2026
C0724,Vivaan Gill,Female,59,Valid,Chandigarh,Chandigarh,19-01-2025
C0725,Aditya Saini,Male,53,Valid,Gurugram,Haryana,01-01-2025
C0726,Pooja Joshi,Female,5,Invalid,Bhopal,Madhya Pradesh,31-07-2025
C0727,Arjun Bansal,Female,21,Valid,Ahmedabad,Gujarat,17-08-2025
C0728,Ritika Singh,Female,6,Invalid,Ahmedabad,Gujarat,08-01-2026
C0729,Aryan Saini,Male,6,Invalid,Chandigarh,Chandigarh,16-08-2025
C0730,Sakshi Saini,Female,53,Valid,Lucknow,Uttar Pradesh,19-06-2026
C0731,Manish Saini,Male,49,Valid,Mumbai,Maharashtra,24-05-2025
C0732,Aarav Joshi,Female,57,Valid,Chandigarh,Chandigarh,20-07-2025
C0733,Neha Kumar,Male,47,Valid,Noida,Uttar Pradesh,15-07-2025
C0734,Ritika Yadav,Female,2,Invalid,Chandigarh,Chandigarh,07-05-2025
C0735,Aman Kumar,Male,49,Valid,Shimla,Himachal Pradesh,05-01-2025
C0736,Manish Joshi,Female,55,Valid,Kolkata,West Bengal,10-05-2026
C0737,Harsh Saini,Male,26,Valid,Ludhiana,Punjab,17-04-2025
C0738,Kavya Verma,Female,5,Invalid,Bhopal,Madhya Pradesh,29-01-2026
C0739,Komal Gill,Female,43,Valid,Jaipur,Rajasthan,18-12-2025
C0740,Simran Shah,Male,44,Valid,Mohali,Punjab,09-06-2026
C0741,Ananya Shah,Male,3,Invalid,Ahmedabad,Gujarat,03-08-2025
C0742,Nikhil Saini,Male,59,Valid,Lucknow,Uttar Pradesh,02-07-2025
C0743,Nikhil Sandhu,Male,4,Invalid,Ahmedabad,Gujarat,07-05-2026
C0744,Sneha Patel,Female,45,Valid,Gurugram,Haryana,14-01-2025
C0745,Kavya Sandhu,Female,27,Valid,Delhi,Delhi,24-02-2025
C0746,Meera Kaur,Female,28,Valid,Amritsar,Punjab,21-10-2025
C0747,Kavya Kumar,Male,36,Valid,Mohali,Punjab,28-07-2025
C0748,Sahil Verma,Female,46,Valid,Mumbai,Maharashtra,15-04-2025
C0749,Sahil Chauhan,Female,33,Valid,Jaipur,Rajasthan,08-06-2026
C0750,Harsh Sandhu,Female,42,Valid,Mumbai,Maharashtra,03-03-2026
C0751,Sneha Sandhu,Male,18,Valid,Kolkata,West Bengal,15-09-2025
C0752,Vikas Patel,Male,58,Valid,Shimla,Himachal Pradesh,12-01-2026
C0753,Vikas Joshi,Male,3,Invalid,Kolkata,West Bengal,29-10-2025
C0754,Aman Shah,Male,29,Valid,Pune,Maharashtra,11-06-2026
C0755,Harsh Kaur,Female,35,Valid,Mumbai,Maharashtra,28-09-2025
C0756,Pooja Gupta,Female,18,Valid,Indore,Madhya Pradesh,05-12-2025
C0757,Arjun Bansal,Male,38,Valid,Mumbai,Maharashtra,22-02-2025
C0758,Rohan Gupta,Female,54,Valid,Hyderabad,Telangana,02-01-2026
C0759,Pooja Mehta,Male,29,Valid,Dehradun,Uttarakhand,18-06-2026
C0760,Harsh Shah,Female,52,Valid,Ludhiana,Punjab,18-02-2026
C0761,Aditya Joshi,Male,6,Invalid,Jaipur,Rajasthan,06-12-2025
C0762,Aditya Gill,Male,57,Valid,Hyderabad,Telangana,02-05-2026
C0763,Aditya Malhotra,Female,46,Valid,Chandigarh,Chandigarh,04-09-2025
C0764,Priya Malhotra,Male,2,Invalid,Bhopal,Madhya Pradesh,25-11-2025
C0765,Riya Sharma,Female,52,Valid,Noida,Uttar Pradesh,17-10-2025
C0766,Tanvi Shah,Female,49,Valid,Lucknow,Uttar Pradesh,14-02-2025
C0767,Simran Kumar,Male,24,Valid,Ahmedabad,Gujarat,21-06-2025
C0768,Aarav Gill,Male,58,Valid,Kolkata,West Bengal,09-03-2025
C0769,Nikhil Kapoor,Male,31,Valid,Gurugram,Haryana,22-03-2026
C0770,Harsh Sandhu,Male,47,Valid,Mohali,Punjab,06-12-2025
C0771,Aman Kapoor,Male,29,Valid,Pune,Maharashtra,15-09-2025
C0772,Aryan Singh,Male,34,Valid,Indore,Madhya Pradesh,22-02-2026
C0773,Vivaan Singh,Female,38,Valid,Noida,Uttar Pradesh,18-01-2025
C0774,Riya Singh,Male,59,Valid,Kolkata,West Bengal,06-03-2025
C0775,Simran Saini,Male,4,Invalid,Mumbai,Maharashtra,30-05-2026
C0776,Simran Kumar,Male,36,Valid,Hyderabad,Telangana,25-03-2026
C0777,Harsh Kaur,Female,28,Valid,Delhi,Delhi,14-08-2025
C0778,Arjun Patel,Female,58,Valid,Kolkata,West Bengal,28-05-2025
C0779,Simran Bansal,Male,25,Valid,Delhi,Delhi,12-02-2025
C0780,Rohan Bansal,Unknown,52,Valid,Bhopal,Madhya Pradesh,29-03-2025
C0781,Nikhil Malhotra,Male,44,Valid,Lucknow,Uttar Pradesh,09-06-2026
C0782,Aarav Kaur,Male,57,Valid,Ludhiana,Punjab,16-09-2025
C0783,Nikhil Kapoor,Male,53,Valid,Ludhiana,Punjab,18-04-2026
C0784,Rohan Gupta,Female,6,Invalid,Pune,Maharashtra,10-03-2025
C0785,Aman Kumar,Female,39,Valid,Amritsar,Punjab,01-01-2026
C0786,Aryan Sandhu,Female,57,Valid,Chandigarh,Chandigarh,13-03-2025
C0787,Mohit Kumar,Female,46,Valid,Ahmedabad,Gujarat,03-12-2025
C0788,Rohan Thakur,Male,54,Valid,Indore,Madhya Pradesh,09-01-2026
C0789,Tanvi Kapoor,Male,18,Valid,Gurugram,Haryana,17-11-2025
C0790,Sneha Patel,Female,41,Valid,Gurugram,Haryana,18-05-2025
C0791,Vikas Joshi,Female,46,Valid,Una,Himachal Pradesh,03-01-2026
C0792,Karan Thakur,Male,29,Valid,Una,Himachal Pradesh,25-03-2025
C0793,Sahil Joshi,Male,34,Valid,Mohali,Punjab,20-03-2025
C0794,Harsh Patel,Male,55,Valid,Delhi,Delhi,19-02-2026
C0795,Ritika Chauhan,Male,53,Valid,Amritsar,Punjab,24-09-2025
C0796,Deepak Singh,Male,41,Valid,Una,Himachal Pradesh,06-02-2026
C0797,Harsh Kaur,Male,47,Valid,Hyderabad,Telangana,29-05-2026
C0798,Riya Sandhu,Female,5,Invalid,Noida,Uttar Pradesh,11-01-2025
C0799,Karan Kaur,Male,5,Invalid,Bhopal,Madhya Pradesh,24-05-2025
C0800,Kavya Singh,Male,48,Valid,Ludhiana,Punjab,03-01-2026
